{
    "BitBoy convicted?": 62693.55241599982,
    "Russia-Ukraine Ceasefire before GTA VI?": 1362353.1264559985,
    "New Rihanna Album before GTA VI?": 645310.7857010016,
    "New Playboi Carti Album before GTA VI?": 679178.7964820012,
    "Will Jesus Christ return before GTA VI?": 9857984.42000715,
    "Trump out as President before GTA VI?": 527152.6150580063,
    "Will China invades Taiwan before GTA VI?": 1456777.8812999993,
    "Will bitcoin hit $1m before GTA VI?": 3437951.639023731,
    "GTA VI released before June 2026?": 10044066.918581994,
    "Will Italy qualify for the 2026 FIFA World Cup?": 210863.99605699987,
    "Will Sweden qualify for the 2026 FIFA World Cup?": 103397.6520669998,
    "Will Poland qualify for the 2026 FIFA World Cup?": 456992.2231010001,
    "Will Ukraine qualify for the 2026 FIFA World Cup?": 136587.92385200018,
    "Will the Carolina Hurricanes win the 2026 NHL Stanley Cup?": 162332.71016200035,
    "Will the Florida Panthers win the 2026 NHL Stanley Cup?": 702076.5876559962,
    "Will the Edmonton Oilers win the 2026 NHL Stanley Cup?": 322906.96953400085,
    "Will the Dallas Stars win the 2026 NHL Stanley Cup?": 512244.8507990011,
    "Will the Colorado Avalanche win the 2026 NHL Stanley Cup?": 10210356.43106204,
    "Will the Vegas Golden Knights win the 2026 NHL Stanley Cup?": 744630.6856329952,
    "Will the Tampa Bay Lightning win the 2026 NHL Stanley Cup?": 195597.5639469925,
    "Will the Los Angeles Kings win the 2026 NHL Stanley Cup?": 6188174.604861931,
    "Will the New Jersey Devils win the 2026 NHL Stanley Cup?": 435625.4323100012,
    "Will the Winnipeg Jets win the 2026 NHL Stanley Cup?": 368229.2619830001,
    "Will the Toronto Maple Leafs win the 2026 NHL Stanley Cup?": 643781.7900120025,
    "Will the Washington Capitals win the 2026 NHL Stanley Cup?": 358530.6989739993,
    "Will the New York Rangers win the 2026 NHL Stanley Cup?": 487810.573404999,
    "Will the Ottawa Senators win the 2026 NHL Stanley Cup?": 506806.46310099936,
    "Will the Minnesota Wild win the 2026 NHL Stanley Cup?": 7655152.647117019,
    "Will the Utah Mammoth win the 2026 NHL Stanley Cup?": 502982.2814949999,
    "Will the St. Louis Blues win the 2026 NHL Stanley Cup?": 486615.20896,
    "Will the Vancouver Canucks win the 2026 NHL Stanley Cup?": 999500.793150004,
    "Will the New York Islanders win the 2026 NHL Stanley Cup?": 3851854.681215,
    "Will the Philadelphia Flyers win the 2026 NHL Stanley Cup?": 574474.3504600006,
    "Will the Columbus Blue Jackets win the 2026 NHL Stanley Cup?": 440412.1769859992,
    "Will the Calgary Flames win the 2026 NHL Stanley Cup?": 916401.5148680034,
    "Will the Nashville Predators win the 2026 NHL Stanley Cup?": 813030.487916003,
    "Will the Detroit Red Wings win the 2026 NHL Stanley Cup?": 566293.6099700007,
    "Will the Anaheim Ducks win the 2026 NHL Stanley Cup?": 374793.2649039988,
    "Will the Montreal Canadiens win the 2026 NHL Stanley Cup?": 753683.6462740016,
    "Will the Boston Bruins win the 2026 NHL Stanley Cup?": 484536.7143059991,
    "Will the Buffalo Sabres win the 2026 NHL Stanley Cup?": 472870.6010700003,
    "Will the Pittsburgh Penguins win the 2026 NHL Stanley Cup?": 670671.6361780015,
    "Will the Seattle Kraken win the 2026 NHL Stanley Cup?": 469035.024494999,
    "Will the Chicago Blackhawks win the 2026 NHL Stanley Cup?": 1152349.822395001,
    "Will the San Jose Sharks win the 2026 NHL Stanley Cup?": 461870.2840089991,
    "Will the Oklahoma City Thunder win the 2026 NBA Finals?": 4714979.124885025,
    "Will the Cleveland Cavaliers win the 2026 NBA Finals?": 3758936.2933059866,
    "Will the New York Knicks win the 2026 NBA Finals?": 3019350.228203967,
    "Will the Minnesota Timberwolves win the 2026 NBA Finals?": 4074620.443043938,
    "Will the Houston Rockets win the 2026 NBA Finals?": 2728895.831079998,
    "Will the Indiana Pacers win the 2026 NBA Finals?": 90646692.3621648,
    "Will the Boston Celtics win the 2026 NBA Finals?": 4635819.8313339325,
    "Will the Los Angeles Lakers win the 2026 NBA Finals?": 4142183.747181939,
    "Will the Orlando Magic win the 2026 NBA Finals?": 4518972.694539969,
    "Will the Denver Nuggets win the 2026 NBA Finals?": 2711070.145294982,
    "Will the San Antonio Spurs win the 2026 NBA Finals?": 4873364.1627189685,
    "Will the Golden State Warriors win the 2026 NBA Finals?": 3963932.2508720057,
    "Will the Los Angeles Clippers win the 2026 NBA Finals?": 8969593.806064999,
    "Will the Philadelphia 76ers win the 2026 NBA Finals?": 3625371.5031379904,
    "Will the Dallas Mavericks win the 2026 NBA Finals?": 9368446.261644002,
    "Will the Detroit Pistons win the 2026 NBA Finals?": 4641459.115827011,
    "Will the Milwaukee Bucks win the 2026 NBA Finals?": 7691552.476887864,
    "Will the Miami Heat win the 2026 NBA Finals?": 7960742.946105892,
    "Will the Memphis Grizzlies win the 2026 NBA Finals?": 33245791.181182746,
    "Will the New Orleans Pelicans win the 2026 NBA Finals?": 15165296.327636983,
    "Will the Toronto Raptors win the 2026 NBA Finals?": 7763160.994486025,
    "Will the Phoenix Suns win the 2026 NBA Finals?": 8017223.052705993,
    "Will the Chicago Bulls win the 2026 NBA Finals?": 21504291.91779297,
    "Will the Portland Trail Blazers win the 2026 NBA Finals?": 9043439.653498752,
    "Will the Brooklyn Nets win the 2026 NBA Finals?": 18410634.64014993,
    "Will the Atlanta Hawks win the 2026 NBA Finals?": 9493589.016024342,
    "Will the Charlotte Hornets win the 2026 NBA Finals?": 23636983.06657007,
    "Will the Utah Jazz win the 2026 NBA Finals?": 17979577.53679092,
    "Will the Sacramento Kings win the 2026 NBA Finals?": 15229286.073640857,
    "Will the Washington Wizards win the 2026 NBA Finals?": 18591485.29622184,
    "MegaETH market cap (FDV) >$6B one day after launch?": 2073186.1335120304,
    "Will Spain win the 2026 FIFA World Cup?": 3237584.7429440003,
    "Will England win the 2026 FIFA World Cup?": 2700217.337421953,
    "Will France win the 2026 FIFA World Cup?": 2844597.766979977,
    "Will Brazil win the 2026 FIFA World Cup?": 3008010.713668986,
    "Will Argentina win the 2026 FIFA World Cup?": 3526337.0475520235,
    "Will Germany win the 2026 FIFA World Cup?": 4907570.058788041,
    "Will Portugal win the 2026 FIFA World Cup?": 6527667.073541731,
    "Will Netherlands win the 2026 FIFA World Cup?": 5670377.051713886,
    "Will Italy win the 2026 FIFA World Cup?": 4607958.210852982,
    "Will USA win the 2026 FIFA World Cup?": 3199173.844961961,
    "Will Uruguay win the 2026 FIFA World Cup?": 4003995.38658802,
    "Will Mexico win the 2026 FIFA World Cup?": 5368699.581843992,
    "Will Belgium win the 2026 FIFA World Cup?": 5027281.631172968,
    "Will Colombia win the 2026 FIFA World Cup?": 3831526.6831560056,
    "Will Japan win the 2026 FIFA World Cup?": 5716586.183142993
}